intercept0,intercept1,intercept2,intercept3,intercept4,intercept5,age,nihss_bl,sys_bloodpressure_bl,rf_diabetes,rf_hypertonia,rf_smoker,rf_tia_stroke,lyse,time_to_groin_puncture
-2.0238747596740723,0.36324745416641235,-0.13926394283771515,-0.36359095573425293,0.0917595699429512,-2.040160655975342,0.024868087265073665,0.08714470250772167,0.0076015540699928405,0.29287844592381024,0.16624556295275986,-0.34724463785058807,-0.12479618709386134,-0.5188397881818458,0.0009268388777947131
-2.030228614807129,0.3710244596004486,-0.1394565999507904,-0.35540828108787537,0.09468048065900803,-2.02864670753479,0.025207689584493393,0.08795571922527282,0.007654900786960951,0.27054784154210504,0.19280250832348853,-0.35856695474889905,-0.16204595050845963,-0.5181746103460266,0.0008724361191120613
-2.0285837650299072,0.3599865734577179,-0.1326042264699936,-0.3578774333000183,0.08786921203136444,-2.02165150642395,0.025025731873486657,0.0860997050201323,0.007300044428900195,0.296805487726338,0.19613565675132444,-0.3698887939857397,-0.1672695263244301,-0.5214323972729884,0.0009145800280397156
-2.0329062938690186,0.3604045510292053,-0.12993097305297852,-0.3555990755558014,0.09484060108661652,-2.054946184158325,0.026051593503510134,0.09034764167316711,0.007925834436597277,0.30237733301731545,0.16260823770150626,-0.37350107473611194,-0.15852550734993295,-0.5304113712919238,0.0008789786189173246
-2.0210609436035156,0.3601221442222595,-0.14676663279533386,-0.3565889000892639,0.09739354252815247,-2.0322377681732178,0.024810038417713697,0.08784527880804867,0.007956708951370033,0.3089801334823405,0.17471409853576764,-0.35647752700315605,-0.1621363312129215,-0.5398246092768417,0.0009307456815419
