intercept0,intercept1,intercept2,intercept3,intercept4,intercept5,age,nihss_bl,sys_bloodpressure_bl,rf_diabetes,rf_hypertonia,rf_smoker,rf_tia_stroke,lyse,time_to_groin_puncture
-2.1630024909973145,0.21780315041542053,-0.08502273261547089,-0.38827988505363464,-0.1529969573020935,-1.3967721462249756,0.3746705949306488,0.3780480921268463,0.16630615293979645,0.15681883692741394,0.04311510547995567,-0.3104543089866638,0.06324251741170883,-0.09304671734571457,0.1286013424396515
-2.159862756729126,0.22015556693077087,-0.08688663691282272,-0.39877331256866455,-0.15178446471691132,-1.4021241664886475,0.39496949315071106,0.3862309455871582,0.16149486601352692,0.15317919850349426,0.04086889326572418,-0.2962547242641449,0.06713516265153885,-0.08882752060890198,0.11846547573804855
-2.159203052520752,0.2247062772512436,-0.0862501785159111,-0.38096827268600464,-0.15413081645965576,-1.3835422992706299,0.38448527455329895,0.39150500297546387,0.16286607086658478,0.1491631120443344,0.04418163746595383,-0.30212798714637756,0.070839062333107,-0.09063304215669632,0.1219509169459343
-2.157627582550049,0.21496014297008514,-0.0834929570555687,-0.37935003638267517,-0.15012197196483612,-1.3998655080795288,0.37546756863594055,0.3819025456905365,0.1579081267118454,0.1541091948747635,0.04837306961417198,-0.30583614110946655,0.057650256901979446,-0.08583985269069672,0.11118301749229431
-2.1566410064697266,0.2185927927494049,-0.09091546386480331,-0.3898637294769287,-0.14827685058116913,-1.407047986984253,0.38859111070632935,0.38480421900749207,0.16273678839206696,0.1477849930524826,0.04414467141032219,-0.2986811399459839,0.0672386884689331,-0.08887600898742676,0.12013033032417297
