intercept0,intercept1,intercept2,intercept3,intercept4,intercept5,age,nihss_bl,sys_bloodpressure_bl,rf_diabetes,rf_hypertonia,rf_smoker,rf_tia_stroke,lyse,time_to_groin_puncture
-2.1630024909973145,0.21780315041542053,-0.08502273261547089,-0.38827988505363464,-0.1529969573020935,-1.3967721462249756,0.02410653232739595,0.061842476153769366,0.0063937843273772724,0.40924412277246586,0.09488294875075344,-0.7357184082552327,0.18276994147291142,-0.1886976069369613,0.0005008528122957761
-2.159862756729126,0.22015556693077087,-0.08688663691282272,-0.39877331256866455,-0.15178446471691132,-1.4021241664886475,0.025412575696620126,0.06318105696009528,0.006208810227502367,0.39974589753887735,0.08993973369807715,-0.7020680591779851,0.19401962873673337,-0.18014112745929556,0.0004613775063133738
-2.159203052520752,0.2247062772512436,-0.0862501785159111,-0.38096827268600464,-0.15413081645965576,-1.3835422992706299,0.024738014741035177,0.06404380636966106,0.00626152738765626,0.38926527026118624,0.09723005421743375,-0.7159865891964117,0.20472384412421907,-0.1838027031178548,0.00047495196049825416
-2.157627582550049,0.21496014297008514,-0.0834929570555687,-0.37935003638267517,-0.15012197196483612,-1.3998655080795288,0.024157810096857035,0.06247300162807421,0.006070914923401494,0.40217287351063397,0.10645409385005236,-0.7247742176889714,0.16660839117581208,-0.17408217339224344,0.00043301512981233376
-2.1566410064697266,0.2185927927494049,-0.09091546386480331,-0.3898637294769287,-0.14827685058116913,-1.407047986984253,0.02500218671848203,0.06294766785876542,0.006256557010765418,0.3856688458204316,0.09714870341652605,-0.7078182086574204,0.19431881682032762,-0.18023946129903634,0.00046786147518730083
