intercept0,intercept1,intercept2,intercept3,intercept4,intercept5,age,nihss_bl,sys_bloodpressure_bl,rf_diabetes,rf_hypertonia,rf_smoker,rf_tia_stroke,lyse,time_to_groin_puncture
-1.8952205181121826,0.42277291417121887,0.1022753044962883,-0.3434421420097351,-0.11111024022102356,-1.30478036403656,0.38495537638664246,0.3972160816192627,0.20568764209747314,0.2545316815376282,0.1718258112668991,-0.15621121227741241,-0.06475231051445007,-0.10326248407363892,0.29550617933273315
-2.0215234756469727,0.3289310038089752,0.03377208486199379,-0.38995999097824097,-0.15369078516960144,-1.3205885887145996,0.37583762407302856,0.3919466733932495,0.19356195628643036,0.2542942464351654,0.166970893740654,-0.15106859803199768,-0.05651970952749252,-0.09307873994112015,0.2929786443710327
-1.9449971914291382,0.393008291721344,0.0889817625284195,-0.34349143505096436,-0.11903972178697586,-1.3051832914352417,0.3793817162513733,0.39404475688934326,0.20298850536346436,0.26188167929649353,0.1714891791343689,-0.15503811836242676,-0.06177980825304985,-0.09991738945245743,0.2910756468772888
-2.0075926780700684,0.36238041520118713,0.08235020935535431,-0.3512778580188751,-0.11070089042186737,-1.3016127347946167,0.3817877173423767,0.3952101469039917,0.19347672164440155,0.2597145140171051,0.17530301213264465,-0.14991223812103271,-0.06604352593421936,-0.10097161680459976,0.2916420102119446
-2.15504789352417,0.2789560854434967,0.02240094356238842,-0.387536883354187,-0.12857623398303986,-1.314545750617981,0.3787393569946289,0.38570812344551086,0.1844199150800705,0.25393104553222656,0.16451063752174377,-0.12849855422973633,-0.07903756946325302,-0.09421155601739883,0.2815866768360138
