intercept0,intercept1,intercept2,intercept3,intercept4,intercept5,age,nihss_bl,sys_bloodpressure_bl,rf_diabetes,rf_hypertonia,rf_smoker,rf_tia_stroke,lyse,time_to_groin_puncture
-1.8952205181121826,0.42277291417121887,0.1022753044962883,-0.3434421420097351,-0.11111024022102356,-1.30478036403656,0.02656303813300767,0.06691611722930065,0.007585922369170265,0.6659606154620682,0.3639034861473061,-0.3789006410643563,-0.1876521576809371,-0.20668605710996152,0.0012623094591895096
-2.0215234756469727,0.3289310038089752,0.03377208486199379,-0.38995999097824097,-0.15369078516960144,-1.3205885887145996,0.025933886763134118,0.06602841817858869,0.007138717518662379,0.6653393865996602,0.3536214371365554,-0.3664268896227891,-0.1637940848761984,-0.18630268225461716,0.001251512624761915
-1.9449971914291382,0.393008291721344,0.0889817625284195,-0.34349143505096436,-0.11903972178697586,-1.3051832914352417,0.026178439408596356,0.06638186711401231,0.007486376078886752,0.6851912629066975,0.363190545491454,-0.37605522408092357,-0.1790378478805364,-0.19999064953659054,0.001243383617975691
-2.0075926780700684,0.36238041520118713,0.08235020935535431,-0.3512778580188751,-0.11070089042186737,-1.3016127347946167,0.02634446046622718,0.06657819193177944,0.007135573997880084,0.679521058260459,0.3712677203548998,-0.363622062074382,-0.19139409920588904,-0.20210074883031262,0.0012458029440158044
-2.15504789352417,0.2789560854434967,0.02240094356238842,-0.387536883354187,-0.12857623398303986,-1.314545750617981,0.02613411475571801,0.06497745483908356,0.00680155183296534,0.6643891021580679,0.34841095212108625,-0.3116817535928577,-0.22905082968933707,-0.18857008159463157,0.0012028497223119379
