intercept0,intercept1,intercept2,intercept3,intercept4,intercept5,age,nihss_bl,sys_bloodpressure_bl,rf_diabetes,rf_hypertonia,rf_smoker,rf_tia_stroke,lyse,time_to_groin_puncture
-1.8786342144012451,0.37642163038253784,-0.1918468326330185,-0.3698826730251312,-0.13550443947315216,-1.7987823486328125,0.49648454785346985,0.4189147353172302,0.16185683012008667,0.1497555673122406,-0.3036632537841797,-0.29311826825141907,-0.08853886276483536,-0.06679803878068924,0.13976579904556274
-1.7233809232711792,0.44475260376930237,-0.17160719633102417,-0.36466312408447266,-0.1347196102142334,-1.8286008834838867,0.5047436952590942,0.41994208097457886,0.15547314286231995,0.15819677710533142,-0.2928178906440735,-0.3102421462535858,-0.08136682957410812,-0.07593192160129547,0.14608433842658997
-1.8766276836395264,0.3484463393688202,-0.2190164029598236,-0.40537282824516296,-0.1741575300693512,-1.8008266687393188,0.4887988567352295,0.41883373260498047,0.1537868231534958,0.1527804136276245,-0.2973634898662567,-0.29907411336898804,-0.07878320664167404,-0.06622786074876785,0.14757351577281952
-1.8901680707931519,0.36701682209968567,-0.2083430141210556,-0.3881121873855591,-0.1517871469259262,-1.799993872642517,0.482196569442749,0.42052769660949707,0.15263612568378448,0.15539240837097168,-0.2961030900478363,-0.29433098435401917,-0.07944189012050629,-0.05836893618106842,0.14873068034648895
-1.7613893747329712,0.398610383272171,-0.20937249064445496,-0.39272403717041016,-0.17293044924736023,-1.8127740621566772,0.4883257746696472,0.4248119294643402,0.16067403554916382,0.15760645270347595,-0.29919981956481934,-0.3134942650794983,-0.0855923444032669,-0.06876452267169952,0.1492905169725418
