intercept0,intercept1,intercept2,intercept3,intercept4,intercept5,age,nihss_bl,sys_bloodpressure_bl,rf_diabetes,rf_hypertonia,rf_smoker,rf_tia_stroke,lyse,time_to_groin_puncture
-2.0854156017303467,0.40782681107521057,-0.2658062279224396,-0.496957391500473,-0.132720947265625,-1.5863730907440186,0.024428971248909345,0.08453592705206855,0.00831810122681707,0.34392927357735736,0.1817510746095642,-0.5107033175099196,0.18436280141832484,-0.32102974281070634,0.000416759615818123
-2.081606149673462,0.4071171283721924,-0.25970208644866943,-0.49755507707595825,-0.13378934562206268,-1.5900542736053467,0.023623421206977118,0.08399868933075594,0.00884971860656158,0.34650223691765747,0.15593856957219324,-0.5001956583342132,0.1642773412594366,-0.32079105469233254,0.0004319573995419682
-2.072072982788086,0.40052303671836853,-0.25480830669403076,-0.4835789203643799,-0.13905595242977142,-1.5973457098007202,0.023823382192152825,0.0849024095679891,0.009145366594471934,0.36259048435584484,0.15527752591493174,-0.4905903373457322,0.18138235872607153,-0.3308985312776507,0.0004338267758199868
-2.0767903327941895,0.40758275985717773,-0.26339980959892273,-0.483284056186676,-0.13611486554145813,-1.6054497957229614,0.02440581621008874,0.08344250559145373,0.008740611305264758,0.3608055237117942,0.14427513747341963,-0.49514225695985764,0.16699522792907406,-0.31009878473461233,0.00043531771703387765
-2.072369337081909,0.41182810068130493,-0.258689820766449,-0.4729873836040497,-0.14162951707839966,-1.5829360485076904,0.024396726977438846,0.0835764872026411,0.008762886304222894,0.3299964633679256,0.15459709793512683,-0.4905220022313711,0.2074771670155816,-0.34234721061664514,0.0004057767506423621
