intercept0,intercept1,intercept2,intercept3,intercept4,intercept5,age,nihss_bl,sys_bloodpressure_bl,rf_diabetes,rf_hypertonia,rf_smoker,rf_tia_stroke,lyse,time_to_groin_puncture
-2.0854156017303467,0.40782681107521057,-0.2658062279224396,-0.496957391500473,-0.132720947265625,-1.5863730907440186,0.3413026034832001,0.5225959420204163,0.2368365079164505,0.13332617282867432,0.08494739234447479,-0.21281662583351135,0.0636172667145729,-0.15983256697654724,0.10691257566213608
-2.081606149673462,0.4071171283721924,-0.25970208644866943,-0.49755507707595825,-0.13378934562206268,-1.5900542736053467,0.3300480842590332,0.5192747712135315,0.2519729435443878,0.1343235969543457,0.07288306206464767,-0.2084379494190216,0.056686464697122574,-0.1597137302160263,0.11081130802631378
-2.072072982788086,0.40052303671836853,-0.25480830669403076,-0.4835789203643799,-0.13905595242977142,-1.5973457098007202,0.33284178376197815,0.5248615145683289,0.2603907585144043,0.1405602991580963,0.07257410138845444,-0.2044352889060974,0.06258881837129593,-0.1647459864616394,0.11129086464643478
-2.0767903327941895,0.40758275985717773,-0.26339980959892273,-0.483284056186676,-0.13611486554145813,-1.6054497957229614,0.34097909927368164,0.5158364772796631,0.24886639416217804,0.1398683488368988,0.06743177026510239,-0.20633213222026825,0.05762431398034096,-0.15439032018184662,0.11167334020137787
-2.072369337081909,0.41182810068130493,-0.258689820766449,-0.4729873836040497,-0.14162951707839966,-1.5829360485076904,0.34085211157798767,0.5166647434234619,0.24950061738491058,0.12792503833770752,0.07225608080625534,-0.20440681278705597,0.07159323990345001,-0.1704459935426712,0.10409510880708694
