intercept0,intercept1,intercept2,intercept3,intercept4,intercept5,age,nihss_bl,sys_bloodpressure_bl,rf_diabetes,rf_hypertonia,rf_smoker,rf_tia_stroke,lyse,time_to_groin_puncture
-2.099104642868042,0.2858833968639374,-0.003711686935275793,-0.42160478234291077,-0.18773385882377625,-1.3436182737350464,0.025549641747560844,0.0665851805811844,0.007025032529223955,0.6580281147213096,0.3642735740173065,-0.400969691573485,-0.15169047894727897,-0.16440436240470513,0.0012336994392832359
-2.095548152923584,0.27805614471435547,-0.007768639829009771,-0.4224940836429596,-0.1771940439939499,-1.33572518825531,0.02597725311183499,0.06655645783459976,0.006855475304846238,0.6674277978739005,0.37208868614753127,-0.39325524114338134,-0.1188558402837977,-0.18562743139226248,0.001285432966027442
-2.096503496170044,0.28614675998687744,-0.006895250175148249,-0.42246028780937195,-0.1888185292482376,-1.3427022695541382,0.02591068593109489,0.06698176133200894,0.00698574951077668,0.67317652360266,0.3772225468474585,-0.39279628776318914,-0.12935367646568352,-0.18844463525509694,0.0012605761859819668
-2.0963799953460693,0.2833368480205536,-0.003034894587472081,-0.4248308539390564,-0.1874193549156189,-1.337289810180664,0.02607981839263241,0.06502164097659298,0.007135297565895208,0.6751551457168311,0.38323875484484793,-0.3756055235015921,-0.16669063271435025,-0.18686493895212947,0.0012781257204277543
-2.0954489707946777,0.2845584750175476,-0.008458266034722328,-0.428013414144516,-0.18458615243434906,-1.3397761583328247,0.026488847704229154,0.06500859248535482,0.006594692777626393,0.660469675928755,0.38343441825356306,-0.34139235258155864,-0.16497333063715033,-0.19057908712519328,0.0012302435865845977
