intercept0,intercept1,intercept2,intercept3,intercept4,intercept5,age,nihss_bl,sys_bloodpressure_bl,rf_diabetes,rf_hypertonia,rf_smoker,rf_tia_stroke,lyse,time_to_groin_puncture
-2.0570268630981445,0.46198031306266785,-0.19340595602989197,-0.41983965039253235,-0.06706567853689194,-1.559279203414917,0.02411807299022436,0.08366720632898408,0.009058429097950866,0.32987215113769774,0.16778420792645293,-0.49918189564863674,0.13159506497865175,-0.3234854619470793,0.000379426866046772
-2.0929296016693115,0.4252844452857971,-0.22620044648647308,-0.45470234751701355,-0.08979865163564682,-1.5773390531539917,0.023325673645144186,0.08421379653754855,0.008962465835910509,0.31967493497835925,0.14982350127510163,-0.4843177388368182,0.10604771622478515,-0.3152847068611019,0.000399429555263651
-2.082731008529663,0.4302295446395874,-0.2094680815935135,-0.42956632375717163,-0.08420735597610474,-1.577175259590149,0.02417267237978237,0.08589450598888256,0.009428854972265439,0.3358936833508767,0.15182973083518,-0.47426704168435646,0.12288996175102247,-0.3178381758902157,0.00037817318009296245
-1.96317720413208,0.5049554705619812,-0.17679567635059357,-0.4100690484046936,-0.06124967709183693,-1.5712445974349976,0.024889565607024412,0.08396832749327543,0.009029064743795914,0.33775421537545547,0.17067717459656384,-0.48346253078079543,0.14371229531960003,-0.3253108349441328,0.00040429124053798713
-2.037651777267456,0.46207061409950256,-0.1989249289035797,-0.4226781129837036,-0.07920528203248978,-1.5623149871826172,0.025277557026281986,0.08423998350185374,0.008875284456359636,0.32786651129954136,0.16754498051822195,-0.4781198762719203,0.1733921052943924,-0.341661255383415,0.0003821059713798851
