intercept0,intercept1,intercept2,intercept3,intercept4,intercept5,age,nihss_bl,sys_bloodpressure_bl,rf_diabetes,rf_hypertonia,rf_smoker,rf_tia_stroke,lyse,time_to_groin_puncture
-1.9785712957382202,0.4345993399620056,-0.05909573659300804,-0.2896284759044647,0.15995201468467712,-2.020942211151123,0.3244932293891907,0.5307617783546448,0.20410211384296417,0.10025781393051147,0.08194741606712341,-0.1488780379295349,-0.05741079896688461,-0.24169005453586578,0.21291790902614594
-1.9971123933792114,0.4215502142906189,-0.07050004601478577,-0.2935018241405487,0.14973577857017517,-2.015982151031494,0.31899121403694153,0.5241702198982239,0.20571036636829376,0.10204096883535385,0.08346972614526749,-0.14976131916046143,-0.06965381652116776,-0.23840096592903137,0.2048448622226715
-2.0393896102905273,0.3924781084060669,-0.08060077577829361,-0.30373215675354004,0.1398092359304428,-2.0139334201812744,0.32001951336860657,0.5140658617019653,0.19647502899169922,0.11436177790164948,0.0881538987159729,-0.15596981346607208,-0.07358579337596893,-0.2444913238286972,0.20589196681976318
-1.8617311716079712,0.48541757464408875,-0.03537168353796005,-0.27042731642723083,0.1635921150445938,-2.028233766555786,0.34417498111724854,0.5443783402442932,0.2083401083946228,0.10545510798692703,0.0832008346915245,-0.16224706172943115,-0.06313467025756836,-0.2572384178638458,0.20849905908107758
-2.035867929458618,0.4019883871078491,-0.06853606551885605,-0.2817862927913666,0.1658720225095749,-2.012193202972412,0.3169168531894684,0.5333563089370728,0.21597030758857727,0.11173121631145477,0.0730813667178154,-0.15302138030529022,-0.07010234147310257,-0.24244290590286255,0.20535019040107727
