intercept0,intercept1,intercept2,intercept3,intercept4,intercept5,age,nihss_bl,sys_bloodpressure_bl,rf_diabetes,rf_hypertonia,rf_smoker,rf_tia_stroke,lyse,time_to_groin_puncture
-1.9785712957382202,0.4345993399620056,-0.05909573659300804,-0.2896284759044647,0.15995201468467712,-2.020942211151123,0.024369472823139428,0.08751017400408656,0.007475122623651651,0.25189600285308644,0.17122569367413548,-0.34088092467533093,-0.17768408371584118,-0.4848935658909562,0.0009111292136115229
-1.9971123933792114,0.4215502142906189,-0.07050004601478577,-0.2935018241405487,0.14973577857017517,-2.015982151031494,0.02395627093953921,0.08642338054795703,0.007534023948142027,0.2563761483438807,0.17440649682360684,-0.34290334334052786,-0.21557572422940652,-0.47829479249019724,0.0008765826185451801
-2.0393896102905273,0.3924781084060669,-0.08060077577829361,-0.30373215675354004,0.1398092359304428,-2.0139334201812744,0.02403349631852241,0.08475740876925188,0.007195785024198528,0.28733196549212825,0.1841938792232109,-0.357118719289664,-0.22774503239458696,-0.49051364595188524,0.0008810634421286955
-1.8617311716079712,0.48541757464408875,-0.03537168353796005,-0.27042731642723083,0.1635921150445938,-2.028233766555786,0.025847574276138992,0.08975522583128191,0.007630336738564689,0.2649541132101562,0.17384465939297358,-0.3714915188119363,-0.1953992321529705,-0.516087655992639,0.0008922198447663542
-2.035867929458618,0.4019883871078491,-0.06853606551885605,-0.2817862927913666,0.1658720225095749,-2.012193202972412,0.02380048623983057,0.08793795127062419,0.007909788399029026,0.2807227255351492,0.15270045489490533,-0.350367793255386,-0.21696389068140448,-0.48640398296057863,0.0008787450447493095
