intercept0,intercept1,intercept2,intercept3,intercept4,intercept5,age,nihss_bl,sys_bloodpressure_bl,rf_diabetes,rf_hypertonia,rf_smoker,rf_tia_stroke,lyse,time_to_groin_puncture
-2.1667237281799316,0.23171252012252808,-0.0535409040749073,-0.3553115129470825,-0.11538706719875336,-1.3771617412567139,0.023415687966745428,0.06016819101478049,0.006207610026996799,0.38733445340278533,0.06628665015815564,-0.7141746815494225,0.16175589205375954,-0.19050365265459748,0.0004645422616097218
-1.985546588897705,0.32398876547813416,-0.024037210270762444,-0.35407546162605286,-0.12613831460475922,-1.397979736328125,0.02609520165476111,0.06356834061078866,0.0061665093182278275,0.4127416187090762,0.10055881290397574,-0.7209385952995607,0.20527142614321042,-0.1879462928854446,0.0004973487594825326
-2.17122483253479,0.2205040454864502,-0.07966875284910202,-0.3761275112628937,-0.14614562690258026,-1.3811213970184326,0.024055785705273915,0.06331385664092216,0.006199201175912916,0.3847498295710441,0.07930306933970985,-0.7033785228844704,0.1961822235092321,-0.1879612816944524,0.0004771584825011414
-2.0072262287139893,0.3110656142234802,-0.02790020778775215,-0.3498999774456024,-0.12862028181552887,-1.3956830501556396,0.024949982796801603,0.06296866522386532,0.006261441454445837,0.4087440749600479,0.11520734328888632,-0.7250973312140143,0.17476355423597004,-0.19805390255980818,0.0004818646287234694
-2.1206369400024414,0.2512792944908142,-0.05727030336856842,-0.36193546652793884,-0.1269732415676117,-1.392041802406311,0.024403313299961163,0.06215880655355399,0.006031255028127275,0.3991474267531932,0.07610020230879,-0.6881857602499076,0.16408311025145578,-0.1999769274703259,0.00045259291282411684
