intercept0,intercept1,intercept2,intercept3,intercept4,intercept5,age,nihss_bl,sys_bloodpressure_bl,rf_diabetes,rf_hypertonia,rf_smoker,rf_tia_stroke,lyse,time_to_groin_puncture
-1.8701245784759521,0.32887423038482666,-0.24814152717590332,-0.4365271329879761,-0.2069988250732422,-1.8142980337142944,0.035341311368500467,0.0724705939999161,0.005693829860840065,0.4395135080075343,-0.6250949452151848,-0.714493804171919,-0.20356756499570755,-0.11147293557771476,0.0005892917786365323
-1.8777481317520142,0.33804991841316223,-0.26226896047592163,-0.44157934188842773,-0.19967344403266907,-1.854420781135559,0.03527565173722771,0.06929964375289657,0.005295873797192164,0.43209792283153803,-0.6188037175129076,-0.713153464059561,-0.22158058677496048,-0.1317412838119196,0.0006188246227628619
-1.8693121671676636,0.33370503783226013,-0.25330278277397156,-0.4327339828014374,-0.19914694130420685,-1.8107162714004517,0.03503081422062797,0.07149412227923348,0.005205978989443244,0.41049153331776866,-0.6035039650274635,-0.7353489078571,-0.20894922834667282,-0.11733085978244023,0.0005802881194594728
-1.8690738677978516,0.3373987674713135,-0.25381341576576233,-0.42795631289482117,-0.20771285891532898,-1.805005669593811,0.034437607640364486,0.07094485290646622,0.00564112754110655,0.45003935648717797,-0.608614286978569,-0.718867036986597,-0.2156235898733525,-0.10524068665098735,0.0005820680412342617
-1.8675073385238647,0.336161732673645,-0.24812543392181396,-0.4165175259113312,-0.1921074241399765,-1.8229576349258423,0.034812456737376256,0.07239953413786038,0.005424832154161692,0.4668767370741652,-0.6189430629051951,-0.7605174605437048,-0.23604560110162523,-0.12178388222702288,0.0006196982242962406
