intercept0,intercept1,intercept2,intercept3,intercept4,intercept5,age,nihss_bl,sys_bloodpressure_bl,rf_diabetes,rf_hypertonia,rf_smoker,rf_tia_stroke,lyse,time_to_groin_puncture
-1.8701245784759521,0.32887423038482666,-0.24814152717590332,-0.4365271329879761,-0.2069988250732422,-1.8142980337142944,0.49695348739624023,0.4354545474052429,0.16691771149635315,0.1633618175983429,-0.3008056581020355,-0.2952701151371002,-0.06900527328252792,-0.055676545947790146,0.14600013196468353
-1.8777481317520142,0.33804991841316223,-0.26226896047592163,-0.44157934188842773,-0.19967344403266907,-1.854420781135559,0.49603021144866943,0.4164012372493744,0.1552514135837555,0.1606055349111557,-0.2977782189846039,-0.2947162091732025,-0.07511132210493088,-0.06579982489347458,0.15331704914569855
-1.8693121671676636,0.33370503783226013,-0.25330278277397156,-0.4327339828014374,-0.19914694130420685,-1.8107162714004517,0.4925874173641205,0.4295872151851654,0.15261609852313995,0.15257470309734344,-0.2904157340526581,-0.3038886487483978,-0.07082954794168472,-0.058602359145879745,0.14376942813396454
-1.8690738677978516,0.3373987674713135,-0.25381341576576233,-0.42795631289482117,-0.20771285891532898,-1.805005669593811,0.48424601554870605,0.42628681659698486,0.16537271440029144,0.16727414727210999,-0.29287490248680115,-0.29707738757133484,-0.073092021048069,-0.05256377160549164,0.14421041309833527
-1.8675073385238647,0.336161732673645,-0.24812543392181396,-0.4165175259113312,-0.1921074241399765,-1.8229576349258423,0.4895169734954834,0.4350275695323944,0.15903189778327942,0.1735323965549469,-0.2978452742099762,-0.31428974866867065,-0.080014668405056,-0.06082647666335106,0.15353348851203918
