intercept0,intercept1,intercept2,intercept3,intercept4,intercept5,age,nihss_bl,sys_bloodpressure_bl,rf_diabetes,rf_hypertonia,rf_smoker,rf_tia_stroke,lyse,time_to_groin_puncture
-1.8786342144012451,0.37642163038253784,-0.1918468326330185,-0.3698826730251312,-0.13550443947315216,-1.7987823486328125,0.035307962294966674,0.06971795307836019,0.005521195110195373,0.40290684629190215,-0.6310332265216194,-0.7092867710570643,-0.2611922226107642,-0.13373986024025275,0.0005641285059388772
-1.7233809232711792,0.44475260376930237,-0.17160719633102417,-0.36466312408447266,-0.1347196102142334,-1.8286008834838867,0.035895319276059316,0.06988892924676843,0.005303437337190377,0.4256173289648529,-0.608495812429482,-0.750723083466341,-0.2400345159130877,-0.1520272865506172,0.0005896316562451466
-1.8766276836395264,0.3484463393688202,-0.2190164029598236,-0.40537282824516296,-0.1741575300693512,-1.8008266687393188,0.03476138719331078,0.06970447218877637,0.00524591427731284,0.41104498306586235,-0.6179418817444314,-0.7236987085236607,-0.23241275305056971,-0.13259827686904643,0.0005956423355182115
-1.8901680707931519,0.36701682209968567,-0.2083430141210556,-0.3881121873855591,-0.1517871469259262,-1.799993872642517,0.03429185936653089,0.06998639042422322,0.0052066621478946955,0.41807237165288424,-0.6153226838197119,-0.712221298112486,-0.2343558884880571,-0.11686351141023388,0.0006003129310897127
-1.7613893747329712,0.398610383272171,-0.20937249064445496,-0.39272403717041016,-0.17293044924736023,-1.8127740621566772,0.03472774352039846,0.07069939457511455,0.0054808480973661975,0.4240291025816238,-0.6217579017606861,-0.7585925515649543,-0.25249990766805236,-0.13767706087591652,0.0006025725668631403
