intercept0,intercept1,intercept2,intercept3,intercept4,intercept5,age,nihss_bl,sys_bloodpressure_bl,rf_diabetes,rf_hypertonia,rf_smoker,rf_tia_stroke,lyse,time_to_groin_puncture
-2.099104642868042,0.2858833968639374,-0.003711686935275793,-0.42160478234291077,-0.18773385882377625,-1.3436182737350464,0.3702690899372101,0.39525163173675537,0.19047945737838745,0.25149986147880554,0.17200055718421936,-0.16530972719192505,-0.05234317108988762,-0.08213811367750168,0.28880858421325684
-2.095548152923584,0.27805614471435547,-0.007768639829009771,-0.4224940836429596,-0.1771940439939499,-1.33572518825531,0.3764660954475403,0.39508113265037537,0.18588201701641083,0.25509244203567505,0.1756906509399414,-0.1621292531490326,-0.04101306572556496,-0.09274137765169144,0.30091938376426697
-2.096503496170044,0.28614675998687744,-0.006895250175148249,-0.42246028780937195,-0.1888185292482376,-1.3427022695541382,0.3755013942718506,0.3976057469844818,0.18941432237625122,0.2572896182537079,0.17811472713947296,-0.16194003820419312,-0.044635508209466934,-0.09414888173341751,0.2951004207134247
-2.0963799953460693,0.2833368480205536,-0.003034894587472081,-0.4248308539390564,-0.1874193549156189,-1.337289810180664,0.3779524862766266,0.38597041368484497,0.19346922636032104,0.25804585218429565,0.1809554249048233,-0.1548527181148529,-0.05751920863986015,-0.09335964918136597,0.29920876026153564
-2.0954489707946777,0.2845584750175476,-0.008458266034722328,-0.428013414144516,-0.18458615243434906,-1.3397761583328247,0.3838801980018616,0.38589295744895935,0.17881105840206146,0.25243303179740906,0.18104781210422516,-0.14074748754501343,-0.056926626712083817,-0.09521527588367462,0.28799957036972046
